observation_date,USDINR,RETURNS,MA21,MA63,VOL21,MOMENTUM21,MOMENTUM63,TREND,REGIME,HEDGE_COST_BPS
2024-05-27,83.09,0.0,83.39571428571428,83.26126984126984,1.1304536844938258,-0.3478052290717071,0.2533783783783772,0.1344444444444406,Stable,40
2024-05-28,83.16,0.0008424599831506896,83.38142857142857,83.26587301587301,1.116420419669649,-0.35945363048166534,0.34994569808133313,0.11555555555555941,Stable,40
2024-05-29,83.33,0.0020442520442520706,83.37619047619049,83.27253968253969,1.3538683314727693,-0.1318312559923318,0.5065733928355964,0.10365079365080021,Stable,40
2024-05-30,83.28,-0.0006000240009600422,83.36809523809524,83.27888888888889,1.3645774272366407,-0.20371479928100733,0.4826254826254983,0.08920634920634996,Stable,40
2024-05-31,83.43,0.0018011527377521652,83.36761904761904,83.28793650793651,1.514503022385033,-0.011984659635655426,0.6879073135409142,0.07968253968253691,Stable,40
2024-06-03,83.14,-0.0034759678772624536,83.35380952380952,83.2936507936508,1.9344881543928685,-0.34759678772624536,0.4348876540227087,0.060158730158718754,Stable,40
2024-06-04,83.52,0.004570603800817752,83.35571428571428,83.30539682539683,2.529776840243568,0.04791566842357042,0.8939357332689024,0.05031746031745854,Stable,40
2024-06-05,83.37,-0.0017959770114941431,83.34904761904761,83.31555555555556,2.602900167198054,-0.16764459346185756,0.7736008703009833,0.03349206349204792,Stable,40
2024-06-06,83.47,0.0011994722322177243,83.35000000000001,83.32746031746032,2.628165282691306,0.02396644697422179,0.9066731141199158,0.022539682539687078,Stable,40
2024-06-07,83.38,-0.0010782317000119779,83.34380952380953,83.33714285714287,2.64101897974834,-0.1556699796431693,0.7369819983085613,0.006666666666660603,Stable,40
2024-06-10,83.5,0.001439194051331416,83.34190476190476,83.34809523809524,2.689337199405114,-0.04788125448887959,0.8332327013645724,-0.006190476190482741,Stable,40
2024-06-11,83.5,0.0,83.34285714285713,83.3588888888889,2.6773726603686447,0.02395783421178521,0.821057715527651,-0.016031746031771377,Stable,40
2024-06-12,83.57,0.0008383233532933687,83.34619047619047,83.37015873015872,2.6917590701119503,0.08383233532933687,0.8568670045860483,-0.023968253968249087,Stable,40
2024-06-13,83.52,-0.0005983008256551514,83.34904761904762,83.38015873015874,2.694978803998863,0.07189072609634639,0.7600434310532034,-0.031111111111115974,Stable,40
2024-06-14,83.54,0.00023946360153259683,83.35285714285715,83.38857142857144,2.695856821415821,0.09585430146179519,0.6384772918925474,-0.035714285714291805,Stable,40
2024-06-17,83.52,-0.00023940627244445345,83.36142857142856,83.39396825396825,2.6441585759769595,0.21598272138227959,0.4087521038711017,-0.032539682539692194,Stable,40
2024-06-18,83.42,-0.001197318007662762,83.3652380952381,83.39825396825397,2.6823500059888743,0.09599232061434648,0.32471437161756267,-0.033015873015870056,Stable,40
2024-06-19,83.42,0.0,83.37047619047618,83.39650793650794,2.678363154570968,0.13203697035168993,-0.13168921345624307,-0.026031746031762282,Stable,40
2024-06-20,83.62,0.002397506593143195,83.38761904761905,83.39968253968254,2.7838983762030765,0.43238049483544927,0.2397506593143195,-0.012063492063489889,Stable,40
2024-06-21,83.53,-0.0010762975364745353,83.4,83.40301587301586,2.8192259170967144,0.31223730034826147,0.25204032645225194,-0.0030158730158547087,Stable,40
2024-06-24,83.42,-0.0013168921345624307,83.41571428571429,83.4042857142857,2.7461934912131416,0.3971597063425092,0.09599232061434648,0.011428571428581336,Stable,40
2024-06-25,83.4,-0.00023975065931425288,83.43047619047618,83.40507936507937,2.7495394421081167,0.3730894211096514,0.05998800239952473,0.025396825396811096,Stable,40
2024-06-26,83.55,0.0017985611510791255,83.4490476190476,83.40841269841269,2.7981367762585294,0.46897546897546327,0.2519798416126706,0.040634920634914806,Stable,40
2024-06-27,83.44,-0.0013165769000598182,83.45428571428572,83.40968253968255,2.764710211294951,0.1320052802112004,0.09596928982724684,0.04460317460316787,Stable,40
2024-06-28,83.33,-0.001318312559923318,83.45666666666668,83.40984126984127,2.797459026424829,0.06003842459174624,0.012001920307258551,0.04682539682541176,Stable,40
2024-07-01,83.44,0.001320052802112004,83.45714285714286,83.41,2.763843245543906,0.011986096128469015,0.011986096128469015,0.04714285714285893,Stable,40
2024-07-02,83.5,0.0007190795781399917,83.47428571428571,83.41095238095237,2.4634235474351738,0.43300457060380104,0.07190795781399917,0.06333333333334679,Stable,40
2024-07-03,83.48,-0.00023952095808377205,83.47238095238095,83.41396825396825,1.8855977035160791,-0.04789272030650826,0.228118621683282,0.05841269841269536,Stable,40
2024-07-04,83.48,0.0,83.47761904761904,83.41761904761904,1.7719278643116763,0.13194194554395633,0.27627627627628826,0.060000000000002274,Stable,40
2024-07-05,83.47,-0.00011978917105903708,83.47761904761904,83.42222222222223,1.7236256011019861,0.0,0.3486415003606469,0.05539682539681223,Stable,40
2024-07-08,83.45,-0.00023960704444703218,83.48095238095239,83.42349206349205,1.6814562713979204,0.08395298632766224,0.09595777857742682,0.05746031746033964,Stable,40
2024-07-09,83.47,0.0002396644697422179,83.47952380952381,83.42793650793651,1.6053532811645284,-0.03592814371257136,0.33657891573506404,0.05158730158730407,Stable,40
2024-07-10,83.5,0.0003594105666706593,83.47952380952381,83.42650793650793,1.6106414881182567,0.0,-0.10766838138533963,0.05301587301588029,Stable,40
2024-07-11,83.57,0.0008383233532933687,83.47952380952381,83.42793650793651,1.6106414881182567,0.0,0.10781025395303345,0.05158730158730407,Stable,40
2024-07-12,83.48,-0.001076941486179095,83.47761904761904,83.42698412698414,1.6413050446795072,-0.04789272030650826,-0.07182188173330273,0.05063492063490571,Stable,40
2024-07-15,83.55,0.0008385241974124824,83.47809523809524,83.42714285714287,1.6662725270930927,0.01197031362221157,0.01197031362221157,0.05095238095236709,Stable,40
2024-07-16,83.6,0.0005984440454818163,83.48190476190476,83.42825396825396,1.6759598144849313,0.09578544061301653,0.08380222674486681,0.05365079365080305,Stable,40
2024-07-17,83.55,-0.0005980861244019309,83.48809523809524,83.42968253968253,1.632226495255543,0.15583792855429213,0.10783608914450848,0.058412698412709574,Stable,40
2024-07-18,83.58,0.00035906642728900096,83.49571428571429,83.43142857142858,1.6348943321408274,0.1918005274514467,0.131783874445901,0.06428571428570251,Stable,40
2024-07-19,83.7,0.001435750179468842,83.49952380952381,83.43682539682538,1.4916596724151543,0.09567089213107227,0.4078694817658324,0.06269841269842402,Stable,40
2024-07-22,83.65,-0.0005973715651134137,83.50523809523808,83.44174603174604,1.4550356676332967,0.14366096013409546,0.3719702423806037,0.06349206349204906,Stable,40
2024-07-23,83.68,0.00035863717872097745,83.51761904761904,83.44761904761904,1.3670942349150075,0.31167585710860646,0.444124354819353,0.06999999999999318,Stable,40
2024-07-24,83.72,0.00047801147227533036,83.53285714285714,83.45301587301587,1.3640139983739359,0.3836930455635379,0.40777164787719755,0.0798412698412676,Stable,40
2024-07-25,83.7,-0.00023889154323930573,83.53999999999999,83.4568253968254,1.236547738436618,0.17953321364452268,0.28756290438534116,0.0831746031745979,Stable,40
2024-07-26,83.7,0.0,83.55238095238096,83.46095238095239,1.1277450448059172,0.31160115052732973,0.31160115052732973,0.09142857142856542,Stable,40
2024-07-29,83.75,0.0005973715651135247,83.57238095238095,83.46571428571428,1.0020630474775825,0.5040201608064399,0.3594967046135267,0.10666666666666913,Stable,40
2024-07-30,83.7,-0.0005970149253731183,83.58476190476192,83.46984126984128,0.9608290352972668,0.31160115052732973,0.31160115052732973,0.11492063492063664,Stable,40
2024-07-31,83.73,0.00035842293906807043,83.59571428571428,83.47460317460317,0.9417690473703605,0.2754491017964211,0.3595828838547144,0.12111111111110517,Stable,40
2024-08-01,83.7,-0.00035829451809388235,83.60619047619048,83.47809523809524,0.9485339678523568,0.26353617632965953,0.26353617632965953,0.12809523809524137,Stable,40
2024-08-02,83.79,0.0010752688172044333,83.62095238095237,83.48253968253968,1.002223988154927,0.3713464302827152,0.3352891869237151,0.13841269841269366,Stable,40
2024-08-05,83.83,0.0004773839360303622,83.63809523809525,83.48857142857143,1.0013128548861856,0.43129268000479115,0.45536249251048044,0.1495238095238136,Stable,40
2024-08-06,83.91,0.0009543122986996888,83.66,83.49492063492065,1.0197395460605416,0.551228280407412,0.478984552748174,0.16507936507935028,Stable,40
2024-08-07,83.96,0.0005958765343820893,83.68333333333332,83.5015873015873,1.0262018634499301,0.5870372588953954,0.5027531721330858,0.181746031746016,Stable,40
2024-08-08,83.95,-0.00011910433539774612,83.70476190476191,83.50904761904762,1.0348267983079746,0.5389221556886259,0.5630091039769969,0.1957142857142884,Stable,40
2024-08-09,83.92,-0.0003573555687909069,83.72142857142858,83.51571428571428,1.0329650098991061,0.418810577958606,0.5029940119760434,0.2057142857142935,Stable,40
2024-08-12,83.92,0.0,83.74238095238096,83.52301587301588,0.9272817905657437,0.5270723526593191,0.5511622334052335,0.2193650793650761,Stable,40
2024-08-13,83.97,0.0005958055290753439,83.76238095238095,83.53111111111112,0.911567744897686,0.502692998204668,0.6110711718188444,0.2312698412698353,Stable,40
2024-08-14,83.91,-0.0007145409074670317,83.77714285714285,83.54015873015874,0.9585849737145136,0.37081339712918826,0.683945284377252,0.23698412698411175,Stable,40
2024-08-15,83.94,0.0003575259206292092,83.79571428571428,83.54968253968254,0.9175791390186089,0.46678635547576786,0.7199424046076208,0.24603174603174693,Stable,40
2024-08-16,83.95,0.00011913271384322854,83.81333333333333,83.55984126984126,0.9168254397248193,0.4426896386695356,0.7682151002280646,0.2534920634920752,Stable,40
2024-08-19,83.82,-0.001548540798094189,83.81904761904762,83.56873015873018,0.993913718192061,0.14336917562722817,0.6725918808551334,0.25031746031744717,Stable,40
2024-08-20,83.79,-0.00035790980672856243,83.8257142857143,83.57698412698413,0.9770206116747491,0.16736401673640433,0.6244746006965451,0.24873015873016868,Stable,40
2024-08-21,83.93,0.001670843776107045,83.83761904761906,83.59031746031745,1.1195515734584878,0.2987571701720926,1.0109519797809607,0.24730158730160667,Stable,40
2024-08-22,83.93,0.0,83.84761904761905,83.60365079365079,1.113721557605637,0.2508361204013543,1.0109519797809607,0.24396825396826216,Stable,40
2024-08-23,83.91,-0.0002382938162756032,83.85761904761905,83.61555555555555,1.1136973383993922,0.2508960573476715,0.9018759018758926,0.24206349206350808,Stable,40
2024-08-26,83.87,-0.00047670122750553823,83.86571428571428,83.62412698412697,1.1322342413300897,0.20310633213860285,0.6480259210368544,0.2415873015873018,Stable,40
2024-08-27,83.91,0.00047692857994507953,83.87333333333333,83.63412698412698,1.1262788291436545,0.19104477611939785,0.7564841498558961,0.23920634920635564,Stable,40
2024-08-28,83.9,-0.00011917530687632905,83.88285714285715,83.64158730158731,1.101381053635292,0.2389486260454099,0.5633465180390651,0.2412698412698404,Stable,40
2024-08-29,83.84,-0.0007151370679380209,83.88809523809525,83.65269841269843,1.1336610439857988,0.13137465663441983,0.8419533317296057,0.23539682539681905,Stable,40
2024-08-30,83.83,-0.00011927480916040789,83.89428571428572,83.65761904761905,1.1254694419348354,0.155316606929512,0.3711685823754918,0.23666666666666458,Stable,40
2024-09-02,83.83,0.0,83.89619047619048,83.66492063492063,1.0649664601045365,0.04773839360303622,0.5517572268201931,0.2312698412698495,Trending,80
2024-09-03,83.94,0.0013121794107120444,83.90142857142857,83.67238095238095,1.1460278762008997,0.13121794107120444,0.5630765544506922,0.22904761904761983,Stable,40
2024-09-04,83.95,0.00011913271384322854,83.90333333333334,83.68142857142855,1.0997400528724548,0.04767012275057603,0.6836171743823449,0.22190476190478137,Stable,40
2024-09-05,83.96,0.00011911852293011727,83.90333333333334,83.68873015873015,1.0806792537998982,0.0,0.5508982035927978,0.2146031746031838,Trending,80
2024-09-06,83.91,-0.0005955216769890637,83.90142857142857,83.6952380952381,1.0997410090278876,-0.047647409172135724,0.4910179640718493,0.20619047619047137,Trending,80
2024-09-09,83.93,0.00023835061375288014,83.90190476190476,83.70095238095237,1.0962395886998277,0.011916110581511319,0.4307765944717268,0.200952380952387,Stable,40
2024-09-10,83.95,0.00023829381627549218,83.90333333333334,83.70777777777776,1.099181945713208,0.03574833174451175,0.5148467432950277,0.1955555555555719,Stable,40
2024-09-11,83.95,0.0,83.90238095238095,83.71428571428571,1.0788571529431876,-0.023818030248889954,0.4907828585108964,0.18809523809524364,Trending,80
2024-09-12,83.92,-0.0003573555687909069,83.90285714285714,83.72063492063494,1.056374652102813,0.011917530687655109,0.47892720306514924,0.18222222222220807,Trending,80
2024-09-13,83.88,-0.00047664442326034173,83.89999999999999,83.7279365079365,1.0609003588228225,-0.07147962830593713,0.5514265164229037,0.17206349206348648,Trending,80
2024-09-16,83.89,0.00011921793037683592,83.89714285714287,83.73539682539682,1.060901907424715,-0.07147111375819248,0.5634140493886441,0.1617460317460484,Trending,80
2024-09-17,83.75,-0.0016688520681845675,83.89380952380952,83.73746031746032,1.083131301619522,-0.08351228823668677,0.15546519971298967,0.1563492063492049,Stable,40
2024-09-18,83.75,0.0,83.89190476190477,83.74095238095238,1.0769552038878676,-0.04773839360305843,0.26337842691248614,0.15095238095238983,Stable,40
2024-09-19,83.68,-0.0008358208955222546,83.88,83.74507936507938,0.9187896113185597,-0.2978672703443319,0.31167585710860646,0.13492063492061845,Trending,80
2024-09-20,83.57,-0.0013145315487573805,83.86285714285715,83.74777777777777,1.0022638874578262,-0.4289288692958526,0.20383693045562534,0.11507936507938155,Stable,40
2024-09-23,83.53,-0.0004786406605240545,83.84476190476191,83.74746031746031,1.0067337722503051,-0.45286616613037234,-0.02393776181927043,0.09730158730160099,Stable,40
2024-09-24,83.66,0.0015563270681191455,83.8347619047619,83.75095238095238,1.1729858875802235,-0.2503875044712167,0.2636625119846636,0.08380952380952067,Stable,40
2024-09-25,83.56,-0.0011953143676786127,83.81809523809524,83.75460317460318,1.2084236778568525,-0.4171135740674514,0.27601104044161495,0.06349206349206327,Stable,40
2024-09-26,83.6,0.0004786979415987158,83.80380952380952,83.75714285714287,1.2309225777706427,-0.35756853396902155,0.19175455417066445,0.046666666666652645,Stable,40
2024-09-27,83.68,0.000956937799043267,83.79619047619047,83.76,1.2732187064156038,-0.1908396946564861,0.21556886227545036,0.03619047619046967,Stable,40
2024-09-30,83.76,0.0009560229445506607,83.79285714285714,83.76444444444444,1.3236622471828992,-0.08350232613622,0.33540967896501517,0.028412698412708437,Stable,40
2024-10-01,83.81,0.0005969436485195878,83.79190476190476,83.76968253968255,1.3419302761018788,-0.02385780746748667,0.3953042644944782,0.022222222222211485,Stable,40
2024-10-02,83.81,0.0,83.78571428571429,83.77507936507936,1.2529376384638167,-0.154872527996186,0.40733197556008793,0.01063492063492788,Stable,40
2024-10-03,84.0,0.0022670325736784402,83.78809523809525,83.78380952380952,1.4925614230247826,0.05955926146514745,0.6590772917914878,0.004285714285728659,Stable,40
2024-10-04,83.99,-0.00011904761904768524,83.7895238095238,83.79206349206349,1.4930251541998145,0.03573130061933494,0.6229783155624835,-0.002539682539691057,Stable,40
2024-10-07,83.96,-0.0003571853792118107,83.79190476190476,83.79936507936507,1.4829450734945813,0.05958765343820893,0.5508982035927978,-0.007460317460314059,Stable,40
2024-10-08,83.95,-0.00011910433539774612,83.79285714285713,83.80539682539684,1.4817494257535269,0.023829381627549218,0.45470862749792396,-0.012539682539710384,Stable,40
2024-10-09,83.93,-0.0002382370458605676,83.79190476190476,83.81253968253968,1.4817650850300073,-0.02382370458605676,0.5390512697652117,-0.020634920634918785,Stable,40
2024-10-10,83.94,0.00011914690813763507,83.79142857142858,83.81873015873016,1.4824505028167119,-0.011911852293033931,0.46678635547576786,-0.02730158730157939,Stable,40
2024-10-11,84.08,0.0016678579938051996,83.79904761904761,83.8263492063492,1.584343298276435,0.19065776930409228,0.5741626794258492,-0.0273015873015936,Stable,40
2024-10-14,84.08,0.0,83.80857142857143,83.8347619047619,1.571369605566198,0.2384358607534498,0.6343506882106498,-0.026190476190478762,Stable,40
2024-10-15,84.04,-0.0004757373929590303,83.81571428571428,83.84206349206349,1.5845751924976714,0.17880557873406477,0.5503709021297043,-0.026349206349209453,Stable,40
2024-10-16,84.01,-0.00035697287006186684,83.82809523809523,83.84698412698414,1.4619878999281102,0.3104477611940437,0.37037037037037646,-0.018888888888909605,Stable,40
2024-10-17,84.04,0.0003571003451969812,83.84190476190477,83.85317460317461,1.462665743740856,0.3462686567164308,0.46622833233711525,-0.011269841269836434,Stable,40
2024-10-18,84.03,-0.00011899095668732595,83.85857142857142,83.85873015873017,1.4213581456862328,0.41826003824090296,0.41826003824090296,-0.00015873015874490193,Stable,40
2024-10-21,84.07,0.0004760204688800673,83.88238095238096,83.86428571428571,1.3122434192359174,0.5983008256551292,0.4180602006688794,0.01809523809524194,Stable,40
2024-10-22,84.06,-0.00011894849530147411,83.90761904761905,83.87,1.2916432853606659,0.6345025739255439,0.43010752688172893,0.03761904761904589,Stable,40
2024-10-23,84.06,0.0,83.92666666666666,83.87571428571428,1.211149978101824,0.47812574707148947,0.43010752688172893,0.050952380952381304,Stable,40
2024-10-24,84.05,-0.0001189626457293036,83.95,83.88047619047617,1.1045359508723522,0.5864049784585879,0.358208955223871,0.06952380952382953,Stable,40
2024-10-25,84.06,0.00011897679952421747,83.97190476190477,83.88619047619048,1.1033572764097521,0.5502392344497675,0.43010752688172893,0.08571428571428896,Stable,40
2024-10-28,84.05,-0.0001189626457293036,83.9895238095238,83.89126984126985,1.0806341903855936,0.4421606118546695,0.3821808193001264,0.09825396825395671,Stable,40
2024-10-29,84.04,-0.00011897679952399542,84.00285714285714,83.89666666666668,1.0509221210143134,0.3342884431709603,0.4062126642771835,0.10619047619046285,Stable,40
2024-10-30,84.07,0.0003569728700616448,84.0152380952381,83.90111111111112,1.04157213709539,0.31022551008232924,0.3341687552213646,0.11412698412698319,Stable,40
2024-10-31,84.06,-0.00011894849530147411,84.02714285714285,83.9047619047619,1.0445085346185126,0.29829375969454563,0.27436478587619106,0.1223809523809507,Stable,40
2024-11-01,84.03,-0.00035688793718768874,84.02857142857142,83.90666666666667,0.7156079256569734,0.03571428571429447,0.14301036825170588,0.12190476190475863,Trending,80
2024-11-04,84.11,0.0009520409377603567,84.03428571428572,83.90904761904761,0.7829521257586514,0.14287415168472428,0.1786565030967191,0.12523809523810314,Trending,80
2024-11-05,84.1,-0.00011889192723824049,84.04095238095239,83.91142857142857,0.7709016980700811,0.16674606955693339,0.17867778439546456,0.1295238095238176,Trending,80
2024-11-06,84.31,0.0024970273483948535,84.05809523809523,83.91761904761904,1.1334396588732651,0.4288266825491327,0.4647283126787416,0.14047619047619264,Stable,40
2024-11-07,84.37,0.0007116593523899262,84.07904761904763,83.92476190476191,1.134501959679039,0.5242463958060162,0.5362249761677873,0.15428571428572013,Stable,40
2024-11-08,84.34,-0.00035557662676310997,84.09809523809524,83.93063492063492,1.1531279282763867,0.47653085537289197,0.4406335596046196,0.16746031746032486,Stable,40
2024-11-11,84.34,0.0,84.11047619047619,83.9374603174603,1.028482869681799,0.30922930542340854,0.5124538195685924,0.17301587301588484,Stable,40
2024-11-12,84.38,0.000474270808631605,84.12476190476191,83.94444444444444,1.0330401439649064,0.35680304471930047,0.5241839409101612,0.1803174603174682,Stable,40
2024-11-13,84.39,0.00011851149561503682,84.14142857142858,83.95142857142858,1.0064169711144417,0.4164683484055187,0.5241215008933819,0.18999999999999773,Stable,40
2024-11-14,84.42,0.0003554923569142332,84.16095238095238,83.96095238095238,0.986978402625726,0.4880371384359039,0.7158196134574135,0.20000000000000284,Stable,40
2024-11-15,84.41,-0.00011845534233601018,84.17857142857143,83.97079365079365,0.9931153049760921,0.4402665397429617,0.739945100847339,0.20777777777777828,Stable,40
2024-11-18,84.37,-0.00047387750266547624,84.1947619047619,83.97777777777779,1.015263357481468,0.40461739854813494,0.5242463958060162,0.21698412698411573,Stable,40
2024-11-19,84.36,-0.000118525542254444,84.20857142857143,83.98460317460317,1.0152335412457252,0.34495063637445256,0.5123317049922527,0.22396825396826614,Stable,40
2024-11-20,84.41,0.0005926979611190486,84.2252380952381,83.99253968253967,1.0201450156731855,0.41636926005232944,0.5958765343820671,0.23269841269842573,Stable,40
2024-11-21,84.48,0.0008292856296647777,84.2452380952381,84.00222222222223,1.0401095174056736,0.49964311206280865,0.7273160844163629,0.2430158730158638,Stable,40
2024-11-22,84.44,-0.00047348484848497296,84.26380952380953,84.01063492063493,1.0624322022858017,0.46400951814395963,0.6316291264450102,0.2531746031745996,Stable,40
2024-11-25,84.24,-0.002368545712932324,84.27238095238096,84.01603174603174,1.3910606130783998,0.21413276231263545,0.40524433849820074,0.25634920634921343,Stable,40
2024-11-26,84.27,0.00035612535612528085,84.28285714285714,84.02285714285713,1.3912774790715268,0.261748958953012,0.5128816793892987,0.2600000000000051,Trending,80
2024-11-27,84.41,0.0016613266880265432,84.3004761904762,84.03206349206349,1.4854628012322788,0.4402665397429617,0.6918764165573243,0.26841269841271753,Trending,80
2024-11-28,84.41,0.0,84.31666666666666,84.04126984126984,1.486148272070039,0.4044248840252118,0.6918764165573243,0.2753968253968253,Trending,80
2024-11-29,84.48,0.0008292856296647777,84.33666666666666,84.04984126984128,1.497358020909865,0.49964311206280865,0.6433166547534119,0.2868253968253782,Trending,80
2024-12-02,84.74,0.0030776515151513806,84.37047619047618,84.06238095238096,1.7728273759128281,0.8449363322622805,0.9410363311494807,0.30809523809521977,Trending,80
2024-12-03,84.68,-0.0007080481472738764,84.39761904761906,84.07380952380953,1.8008998803957086,0.6776839852574046,0.8575512148642384,0.32380952380952976,Trending,80
2024-12-04,84.69,0.00011809163911191689,84.42571428571429,84.08619047619047,1.7954478164036705,0.7015457788347224,0.9295673936360327,0.33952380952382555,Stable,40
2024-12-05,84.68,-0.00011807769512328647,84.44333333333333,84.09809523809524,1.6181939245722414,0.4388566006404915,0.8936018110329957,0.3452380952380878,Trending,80
2024-12-06,84.67,-0.00011809163911202791,84.45761904761905,84.10952380952382,1.6112334808226059,0.35557662676306556,0.8576533650982654,0.348095238095226,Trending,80
2024-12-09,84.72,0.0005905279319711187,84.47571428571429,84.12174603174603,1.6057063165573406,0.45055726820013575,0.917212626563435,0.3539682539682616,Trending,80
2024-12-10,84.84,0.0014164305949009304,84.49952380952381,84.1363492063492,1.6560355932434874,0.5928385107896617,1.096282173498575,0.36317460317461325,Trending,80
2024-12-11,84.8,-0.00047147571900052476,84.5195238095238,84.15095238095239,1.6745057280780635,0.4977482815833101,1.0968049594659135,0.3685714285714141,Trending,80
2024-12-12,84.84,0.0004716981132075748,84.54095238095239,84.16603174603175,1.6758261098849716,0.533238535371483,1.132435331982351,0.37492063492064176,Trending,80
2024-12-13,84.78,-0.0007072135785007871,84.55809523809523,84.18238095238095,1.7078301913397111,0.4264392324093702,1.229850746268668,0.375714285714281,Trending,80
2024-12-16,84.89,0.0012974758197688008,84.58095238095237,84.2004761904762,1.7442745828313375,0.5686530031986825,1.361194029850754,0.3804761904761733,Trending,80
2024-12-17,84.91,0.00023559901048408882,84.60666666666667,84.22,1.723307099026316,0.6400379281735091,1.469885277246652,0.38666666666667027,Trending,80
2024-12-18,84.95,0.0004710870333295425,84.6347619047619,84.24190476190476,1.7171671092623013,0.6993835941204507,1.6513102788082046,0.3928571428571388,Trending,80
2024-12-19,85.09,0.001648028251912903,84.66714285714286,84.26666666666667,1.7752490998358073,0.8055917545314539,1.8675924817430856,0.40047619047619776,Trending,80
2024-12-20,85.02,-0.0008226583617346739,84.69285714285714,84.28825396825397,1.8146872746605665,0.6392045454545414,1.6256275400430287,0.4046031746031673,Trending,80
2024-12-23,85.1,0.0009409550693955104,84.72428571428571,84.31269841269841,1.804442165972871,0.7816200852676314,1.8429870751555777,0.4115873015873035,Trending,80
2024-12-24,85.14,0.0004700352526441076,84.76714285714286,84.33714285714285,1.5043090493582774,1.0683760683760646,1.8421052631579116,0.4300000000000068,Trending,80
2024-12-25,85.14,0.0,84.80857142857143,84.36031746031748,1.5138261247060751,1.0323958704165248,1.7447418738049558,0.44825396825395103,Trending,80
2024-12-26,85.25,0.0012919896640826156,84.84857142857143,84.38396825396826,1.4828982546962555,0.9951427555976888,1.778892072588345,0.4646031746031696,Trending,80
2024-12-27,85.53,0.0032844574780059865,84.90190476190476,84.41126984126984,1.7614735808196404,1.3268570074635777,2.052261066698491,0.49063492063491765,Trending,80
2024-12-30,85.47,-0.00070150824272186,84.94904761904762,84.43761904761905,1.818383861944358,1.171875,1.9806705643717892,0.5114285714285671,Volatile Breakout,160
2024-12-31,85.55,0.0009360009360008803,84.98761904761905,84.46222222222222,1.5797982001658704,0.9558649988199219,1.8452380952380887,0.5253968253968253,Volatile Breakout,160
2025-01-01,85.55,0.0,85.02904761904762,84.48698412698411,1.532531899976815,1.0273972602739656,1.8573639719014157,0.5420634920635052,Volatile Breakout,160
2025-01-02,85.75,0.0023378141437755406,85.0795238095238,84.51539682539683,1.6532963145526227,1.2516235683079469,2.131967603620777,0.5641269841269718,Volatile Breakout,160
2025-01-03,85.75,0.0,85.13047619047619,84.54396825396825,1.6473928345014959,1.263580538497866,2.1441334127456857,0.5865079365079424,Volatile Breakout,160
2025-01-06,85.7,-0.0005830903790087216,85.17952380952381,84.57206349206349,1.6804269659915834,1.2164875398606334,2.108900274037895,0.6074603174603226,Volatile Breakout,160
2025-01-07,85.74,0.0004667444574095736,85.22809523809524,84.60063492063492,1.6808436497965353,1.2039660056657242,2.1443888491779806,0.6274603174603186,Volatile Breakout,160
2025-01-08,85.89,0.00174947515745294,85.27809523809525,84.62936507936507,1.705735840170838,1.2376237623762387,2.1527117031398646,0.6487301587301744,Volatile Breakout,160
2025-01-09,85.87,-0.00023285597857725104,85.32904761904763,84.65777777777777,1.6890092394210798,1.2617924528302016,2.1289248334919186,0.6712698412698614,Volatile Breakout,160
2025-01-10,85.96,0.0010480959590075667,85.38238095238096,84.68825396825396,1.695376697638058,1.320132013201314,2.284626368395992,0.6941269841269957,Volatile Breakout,160
2025-01-13,86.69,0.008492322010237308,85.47333333333333,84.73079365079364,3.152939751223239,2.252889832507665,3.1900964170932022,0.7425396825396859,Volatile Breakout,160
2025-01-14,86.63,-0.0006921213519437419,85.55619047619048,84.77190476190476,3.2091515883034516,2.04971139121215,3.081865778200843,0.7842857142857156,Volatile Breakout,160
2025-01-15,86.37,-0.0030012697679786537,85.6257142857143,84.80904761904762,3.486233725141773,1.7194676716523416,2.78471974294896,0.8166666666666771,Volatile Breakout,160
2025-01-16,86.57,0.0023156188491373353,85.70285714285714,84.84873015873016,3.52171797529864,1.90700412007061,2.9737123825383627,0.8541269841269781,Volatile Breakout,160
2025-01-17,86.55,-0.0002310269146355015,85.77238095238096,84.88825396825396,3.531724029201433,1.7158302973322215,2.962169878658094,0.8841269841269934,Volatile Breakout,160
2025-01-20,86.55,0.0,85.8452380952381,84.92777777777778,3.4950304939896903,1.7995765702187638,2.962169878658094,0.9174603174603249,Volatile Breakout,160
2025-01-21,86.58,0.00034662045060662727,85.91571428571429,84.96793650793651,3.4991857037784015,1.7391304347826209,3.010113027959549,0.9477777777777732,Volatile Breakout,160
2025-01-22,86.34,-0.002772002772002735,85.97285714285715,85.00412698412698,3.7140980318283208,1.4094432699083947,2.712348322626701,0.9687301587301675,Trending,80
2025-01-23,86.42,0.0009265693768820693,86.03380952380952,85.04174603174603,3.7069218718667147,1.5034061545689426,2.819750148721001,0.9920634920634939,Volatile Breakout,160
2025-01-24,86.2,-0.002545707012265641,86.07904761904761,85.07603174603175,3.8664047629387395,1.1143695014662836,2.570204664445508,1.003015873015869,Trending,80
2025-01-27,86.34,0.0016241299303945134,86.11761904761904,85.1120634920635,3.758683006151853,0.9470361276745054,2.700130843344839,1.0055555555555458,Trending,80
2025-01-28,86.52,0.0020847810979847115,86.16761904761904,85.1511111111111,3.774870973257026,1.228501228501222,2.926481084939314,1.016507936507935,Volatile Breakout,160
2025-01-29,86.61,0.0010402219140084323,86.21809523809523,85.19206349206348,3.7762668763886746,1.2390414962010654,3.070332024277045,1.026031746031748,Volatile Breakout,160
2025-01-30,86.55,-0.0006927606511950568,86.26571428571428,85.23079365079364,3.7974532119528823,1.1689070718877925,2.9009630246106255,1.0349206349206383,Volatile Breakout,160
2025-01-31,86.54,-0.00011554015020209807,86.30333333333334,85.2695238095238,3.7471976233251727,0.9212827988338335,2.9013079667063124,1.0338095238095377,Volatile Breakout,160
2025-02-03,87.19,0.007510977582620759,86.37190476190476,85.3152380952381,4.4698445294081175,1.6793002915451938,3.4159648914719343,1.0566666666666578,Volatile Breakout,160
2025-02-04,87.06,-0.0014909966739304892,86.43666666666667,85.3579365079365,4.515994167356691,1.586931155192528,3.188337086642168,1.078730158730167,Volatile Breakout,160
2025-02-05,87.08,0.0002297266253157293,86.50047619047619,85.40142857142857,4.518638534532904,1.5628644739911435,3.248755039127338,1.0990476190476244,Volatile Breakout,160
2025-02-06,87.57,0.00562700964630225,86.58047619047618,85.45269841269842,4.817281354978709,1.9559902200488866,3.8297367797011983,1.1277777777777516,Volatile Breakout,160
2025-02-07,87.43,-0.0015987210231812599,86.6547619047619,85.5011111111111,4.881533445022612,1.8166996622801967,3.6146006162598,1.1536507936507974,Volatile Breakout,160
2025-02-10,87.45,0.00022875443211711755,86.72571428571429,85.54968253968254,4.885851191162371,1.7333643555142109,3.6260220405261334,1.1760317460317538,Volatile Breakout,160
2025-02-11,86.76,-0.007890222984562545,86.72904761904762,85.58682539682539,4.941329898294076,0.08074749106010692,2.771855010660995,1.1422222222222302,Volatile Breakout,160
2025-02-12,86.9,0.0016136468418626038,86.74190476190476,85.6263492063492,4.962615793095393,0.3116703220593431,2.9498874540931252,1.1155555555555594,Volatile Breakout,160
2025-02-13,86.89,-0.00011507479861916359,86.76666666666667,85.6663492063492,4.830436164991633,0.6020609007757249,2.9868436648097685,1.10031746031747,Volatile Breakout,160
2025-02-14,86.82,-0.0008056162964669156,86.77857142857142,85.70539682539683,4.786349174767591,0.2887836432944546,2.916073968705546,1.0731746031745928,Volatile Breakout,160
2025-02-17,86.82,0.0,86.79142857142858,85.7436507936508,4.784751415689783,0.31195840554592014,2.855111953560008,1.0477777777777817,Volatile Breakout,160
2025-02-18,86.96,0.0016125316747293006,86.81095238095239,85.78301587301587,4.8108048969022175,0.47371461582899066,2.9356060606060552,1.0279365079365164,Volatile Breakout,160
2025-02-19,86.96,0.0,86.82904761904761,85.82301587301588,4.811239558345607,0.43890043890042474,2.984367598294635,1.0060317460317378,Volatile Breakout,160
2025-02-20,86.65,-0.0035648574057036697,86.84380952380953,85.86126984126983,4.880558335518629,0.3590456335418102,2.8608736942070445,0.982539682539695,Volatile Breakout,160
2025-02-21,86.7,0.0005770340450086398,86.85714285714286,85.89984126984127,4.87527705926966,0.3239990742883503,2.8835884656461364,0.9573015873015862,Volatile Breakout,160
2025-02-24,86.72,0.000230680507496972,86.88190476190476,85.93650793650794,4.77507078563809,0.603248259860778,2.736642577893611,0.945396825396827,Trending,80
2025-02-25,87.2,0.005535055350553542,86.92285714285714,85.98079365079364,5.094198713640034,0.9960620801482412,3.3052955810922935,0.9420634920634967,Volatile Breakout,160
2025-02-26,87.2,0.0,86.95523809523809,86.02396825396826,5.062384525515107,0.7859454461396354,3.2196969696969724,0.9312698412698239,Volatile Breakout,160
2025-02-27,87.17,-0.00034403669724769603,86.98190476190477,86.0625396825397,5.06226930951362,0.6465766077820234,2.867594996459766,0.9193650793650789,Volatile Breakout,160
2025-02-28,87.5,0.00378570609154516,87.02714285714286,86.10730158730159,5.1864883033268026,1.0976314269208531,3.330184222957011,0.919841269841271,Volatile Breakout,160
2025-03-03,87.35,-0.0017142857142857792,87.06571428571428,86.14952380952381,5.240654823817695,0.9359833602958112,3.140866690282196,0.9161904761904651,Volatile Breakout,160
2025-03-04,87.26,-0.0010303377218087162,87.06904761904762,86.19047619047619,4.584593383010559,0.08028443628858017,3.0467642890883218,0.8785714285714334,Trending,80
2025-03-05,86.95,-0.0035526014210406354,87.06380952380952,86.22666666666666,4.724939175336193,-0.12634964392372883,2.6928073697885857,0.8371428571428652,Trending,80
2025-03-06,87.11,0.001840138010350767,87.06523809523809,86.26460317460318,4.769927489862889,0.034451079467157086,2.821057601510857,0.8006349206349057,Trending,80
2025-03-07,86.88,-0.002640339800252578,87.03238095238096,86.29698412698413,4.390225230650825,-0.7879410757108518,2.4045261669023876,0.7353968253968333,Stable,40
2025-03-10,87.27,0.0044889502762430755,87.0247619047619,86.33619047619048,4.6734187969582806,-0.18300354569370514,2.9127358490566024,0.6885714285714215,Trending,80
2025-03-11,87.16,-0.001260456055918402,87.01095238095238,86.37301587301587,4.689343658818944,-0.33161806746713207,2.7345591702027328,0.6379365079365016,Trending,80
2025-03-12,87.16,0.0,87.03,86.41079365079365,3.7521212935621695,0.4610419548178868,2.8072658645907023,0.6192063492063511,Stable,40
2025-03-13,87.0,-0.0018357044515832088,87.03476190476191,86.44428571428571,3.781040090986438,0.11507479861909697,2.4855695606078365,0.5904761904761955,Stable,40
2025-03-14,87.0,0.0,87.03999999999999,86.47746031746031,3.780588545545924,0.12659684658764547,2.46142974914616,0.5625396825396791,Stable,40
2025-03-17,86.79,-0.0024137931034482474,87.03857142857143,86.50666666666667,3.8671942798641092,-0.03455425017275804,2.1659799882283837,0.5319047619047552,Stable,40
2025-03-18,86.5,-0.003341398778661242,87.02333333333333,86.52904761904762,4.035282484056247,-0.368578668509556,1.6570689857797527,0.49428571428570933,Stable,40
2025-03-19,86.43,-0.0008092485549132666,86.99809523809525,86.55142857142857,3.987200896561865,-0.6094756209751417,1.6584333098094595,0.44666666666667254,Stable,40
2025-03-20,86.31,-0.0013884068031934094,86.96714285714286,86.57063492063493,4.003536171493513,-0.7474701011959461,1.4218566392479426,0.3965079365079305,Stable,40
2025-03-21,86.01,-0.003475842891901282,86.93666666666667,86.58444444444444,3.994650425408819,-0.7386035776110744,1.0218463706835879,0.352222222222224,Stable,40
2025-03-24,85.56,-0.0052319497732822295,86.88238095238096,86.5911111111111,4.318515141028575,-1.314878892733562,0.49330514446794815,0.2912698412698518,Stable,40
2025-03-25,85.77,0.0024544179523140475,86.83714285714285,86.59936507936507,4.441098850045252,-1.0954797047970533,0.6099706744868039,0.23777777777777942,Stable,40
2025-03-26,85.71,-0.0006995452955579351,86.76619047619049,86.60222222222221,3.8566197988692483,-1.7087155963302902,0.2104524728165469,0.16396825396827808,Trending,80
2025-03-27,85.79,0.0009333800023336725,86.69904761904762,86.60730158730158,3.8949145695969865,-1.6169724770642158,0.3744003744003743,0.09174603174604101,Trending,80
2025-03-28,85.51,-0.003263783657769026,86.62,86.60666666666667,3.984676483233044,-1.904324882413666,-0.04675628287550415,0.013333333333335418,Trending,80
2025-03-31,85.43,-0.0009355630920360181,86.52142857142857,86.60476190476192,3.600440924746856,-2.365714285714282,-0.14026884862652356,-0.08333333333334281,Trending,80
2025-04-01,85.46,0.000351164696242412,86.43142857142857,86.60015873015874,3.6296853917853,-2.163709215798515,-0.3381924198250785,-0.1687301587301704,Trending,80
2025-04-02,85.52,0.0007020828457757755,86.34857142857143,86.59650793650793,3.6794542381835376,-1.9940407976163255,-0.2682215743440297,-0.24793650793650102,Trending,80
2025-04-03,85.44,-0.00093545369504211,86.27666666666667,86.59238095238096,3.5563863279059795,-1.7366302472685557,-0.30338389731622284,-0.31571428571429294,Trending,80
2025-04-04,85.24,-0.002340823970037431,86.18761904761904,86.58444444444444,3.454084542882914,-2.1467110549879487,-0.5831583858175837,-0.3968253968254061,Trending,80
2025-04-07,85.85,0.007156264664476719,86.13857142857144,86.58380952380953,4.4128727052763725,-1.1855432780847108,-0.04657119571546131,-0.4452380952380963,Trending,80
2025-04-08,86.24,0.004542807221898704,86.08952380952381,86.58968253968254,4.420675635740551,-1.180245215996334,0.43088389425876006,-0.5001587301587307,Trending,80
2025-04-09,86.64,0.004638218923933346,86.0647619047619,86.60047619047619,4.762220863003186,-0.5966039467645623,0.7910656119125337,-0.5357142857142918,Stable,40
2025-04-10,86.69,0.0005771006463526351,86.04238095238095,86.60047619047619,4.770694335951614,-0.5392381826525905,0.0,-0.558095238095234,Trending,80
2025-04-11,86.06,-0.007267274195408846,85.99761904761905,86.59142857142857,5.335343795163767,-1.0804597701149388,-0.6579706799030305,-0.5938095238095116,Trending,80
2025-04-14,86.02,-0.0004647920055775856,85.95095238095239,86.58587301587302,5.332154551543527,-1.126436781609197,-0.40523329859906143,-0.6349206349206327,Volatile Breakout,160
2025-04-15,85.76,-0.0030225528946755675,85.90190476190476,86.57301587301588,5.363275909652381,-1.186772669662406,-0.935659004273981,-0.6711111111111165,Volatile Breakout,160
2025-04-16,85.67,-0.001049440298507509,85.86238095238096,86.55904761904762,5.271652318859828,-0.959537572254332,-1.0167533217793179,-0.6966666666666583,Volatile Breakout,160
2025-04-17,85.37,-0.003501809268121825,85.81190476190476,86.54031746031745,5.3760118191728195,-1.2264260094874468,-1.3633737723859007,-0.7284126984126971,Volatile Breakout,160
2025-04-18,85.43,0.0007028230057397611,85.77,86.52206349206348,5.385287261301334,-1.0195805816243686,-1.3282513282513175,-0.7520634920634848,Volatile Breakout,160
2025-04-21,85.18,-0.0029263724686877657,85.73047619047618,86.50365079365079,5.3500521908156236,-0.9650040692942619,-1.3435255964790338,-0.7731746031746098,Volatile Breakout,160
2025-04-22,85.19,0.0001173984503404224,85.71285714285715,86.48412698412699,5.0615311903545415,-0.4324450677886893,-1.4232816477667276,-0.7712698412698415,Volatile Breakout,160
2025-04-23,85.42,0.002699847399929567,85.69619047619047,86.47174603174602,5.078443738781864,-0.4080680890754307,-0.9048723897911892,-0.775555555555556,Volatile Breakout,160
2025-04-24,85.3,-0.0014048232264107785,85.67666666666666,86.45523809523809,5.0932183801593585,-0.47835725119589334,-1.2045401899467345,-0.7785714285714249,Volatile Breakout,160
2025-04-25,85.43,0.001524032825322541,85.6595238095238,86.43793650793651,5.114188081910989,-0.41962932742743986,-1.25982431807673,-0.7784126984127084,Volatile Breakout,160
2025-04-28,85.02,-0.004799250848648184,85.63619047619048,86.41269841269842,5.255963990374514,-0.5730323938720749,-1.8358157256667895,-0.7765079365079401,Volatile Breakout,160
2025-04-29,85.27,0.0029404845918608036,85.62857142857142,86.39238095238096,5.364358932377717,-0.18728783799603077,-1.4789139225880987,-0.7638095238095417,Volatile Breakout,160
2025-04-30,84.49,-0.009147414096399631,85.58238095238094,86.35984126984127,6.209822239456834,-1.1350339340042148,-2.3688467760573317,-0.7774603174603243,Volatile Breakout,160
2025-05-01,84.58,0.0010652148183216692,85.53761904761905,86.31841269841269,6.220211001707454,-1.099158091674457,-2.9934625530450787,-0.7807936507936404,Volatile Breakout,160
2025-05-02,84.5,-0.0009458500827618233,85.49285714285715,86.27777777777777,6.220299778637565,-1.100187265917596,-2.940500804043189,-0.7849206349206241,Volatile Breakout,160
2025-05-05,84.27,-0.002721893491124283,85.44666666666667,86.23317460317462,6.2357414090065015,-1.1379633974659797,-3.22691777675701,-0.7865079365079453,Volatile Breakout,160
2025-05-06,84.45,0.0021359914560341586,85.38,86.18365079365078,5.672337399055332,-1.6307513104251492,-3.5628639945186613,-0.8036507936507888,Volatile Breakout,160
2025-05-07,84.82,0.004381290704558838,85.31238095238095,86.14222222222222,5.653497389294891,-1.6465677179962945,-2.9852453391284617,-0.8298412698412676,Volatile Breakout,160
2025-05-08,85.67,0.0100212214100448,85.26619047619049,86.11396825396824,6.541780816476192,-1.1195752539242876,-2.0354488279016647,-0.8477777777777504,Volatile Breakout,160
2025-05-09,85.38,-0.0033850822925178825,85.20380952380953,86.09206349206349,6.601170003416912,-1.5111316184104329,-1.5905947441217316,-0.888253968253963,Volatile Breakout,160
2025-05-12,85.38,0.0,85.17142857142856,86.06793650793651,6.157630255756287,-0.7901464094817623,-1.749136939010365,-0.8965079365079447,Volatile Breakout,160
2025-05-13,85.35,-0.00035137034434296055,85.13952380952381,86.04349206349208,6.157536818663097,-0.7788886305510334,-1.772355852226959,-0.903968253968273,Volatile Breakout,160
2025-05-14,85.29,-0.0007029876977151517,85.11714285714285,86.01920634920636,6.083383611969069,-0.5480410447761153,-1.762266758811315,-0.9020634920635047,Volatile Breakout,160
2025-05-15,85.52,0.002696681908781695,85.11,85.99857142857142,6.159649589139074,-0.17509046340610235,-1.4973508408200886,-0.8885714285714243,Volatile Breakout,160
2025-05-16,85.49,-0.00035079513564084674,85.11571428571429,85.97523809523808,6.034292735710499,0.14056460114793,-1.6904323827046874,-0.8595238095237931,Volatile Breakout,160
2025-05-19,85.37,-0.0014036729442038487,85.11285714285715,85.95,6.050722490827542,-0.0702329392485157,-1.8284268629254696,-0.837142857142851,Volatile Breakout,160
2025-05-20,85.63,0.0030455663582054093,85.13428571428571,85.93380952380953,6.043747921673646,0.528293026532034,-1.1771494518176717,-0.7995238095238193,Trending,80
2025-05-21,85.65,0.00023356300362031845,85.15619047619047,85.91714285714285,6.0435417682056345,0.5399694799859134,-1.211072664359858,-0.760952380952375,Trending,80
2025-05-22,85.97,0.003736135434909471,85.18238095238095,85.9052380952381,6.106515972718085,0.6438773121048902,-0.8648523985239853,-0.7228571428571513,Trending,80
2025-05-23,85.17,-0.009305571711061944,85.17619047619047,85.87301587301587,6.94260456690305,-0.1524032825322319,-2.327981651376143,-0.6968253968254032,Volatile Breakout,160
2025-05-26,85.17,0.0,85.16380952380953,85.84079365079364,6.918726298266469,-0.30434273674353474,-2.327981651376143,-0.6769841269841095,Volatile Breakout,160
2025-05-27,85.3,0.0015263590466125798,85.17714285714285,85.8111111111111,6.725848215363929,0.32933427428840645,-2.14523345187565,-0.6339682539682485,Volatile Breakout,160
2025-05-28,85.39,0.001055099648300084,85.18285714285715,85.77761904761904,6.659202685559111,0.14072944763692252,-2.4114285714285755,-0.5947619047618957,Volatile Breakout,160
2025-05-29,85.49,0.0011710973181870976,85.2304761904762,85.74809523809525,5.756729571727442,1.1835720203574374,-2.1293646250715503,-0.5176190476190499,Trending,80
2025-05-30,85.5,0.00011697274535049651,85.27428571428571,85.72015873015873,5.755754920340399,1.087727595176169,-2.016960806784329,-0.4458730158730191,Trending,80
2025-06-02,85.33,-0.001988304093567317,85.31380952380952,85.69444444444444,5.800397071325967,0.9822485207100495,-1.8631397354801682,-0.3806349206349182,Trending,80
2025-06-03,85.59,0.003046994023204075,85.37666666666667,85.67031746031745,5.744142917937943,1.5663937344250645,-1.744920215819079,-0.2936507936507837,Trending,80
2025-06-04,85.85,0.003037738053510708,85.44333333333333,85.65396825396826,5.780006456187594,1.65778567199526,-1.1855432780847108,-0.21063492063493072,Trending,80
2025-06-05,85.8,-0.0005824111822946287,85.49,85.63063492063492,5.645560979578736,1.1553878802169404,-1.6844276383636947,-0.14063492063492333,Trending,80
2025-06-06,85.66,-0.0016317016317016764,85.4895238095238,85.60682539682539,4.512653970074995,-0.011672697560416445,-1.720972923359343,-0.1173015873015828,Stable,40
2025-06-09,85.64,-0.0002334812047629642,85.50190476190475,85.58269841269842,4.343830362160724,0.30452096509721027,-1.7439192290041206,-0.08079365079366596,Stable,40
2025-06-10,85.57,-0.0008173750583839734,85.51095238095238,85.56,4.35655791590379,0.22253455141718614,-1.6436781609195483,-0.04904761904762722,Stable,40
2025-06-11,85.51,-0.0007011803202054967,85.51857142857142,85.5363492063492,4.362900820288903,0.1874633860574182,-1.712643678160919,-0.017777777777780557,Trending,80
2025-06-12,85.55,0.000467781546017898,85.53095238095239,85.51666666666667,4.3548368931921,0.30484230273184476,-1.4287360294964913,0.014285714285719564,Trending,80
2025-06-13,86.08,0.006195207481005216,85.55761904761906,85.51,4.762339126252975,0.654817586529477,-0.4855491329479822,0.047619047619051,Trending,80
2025-06-16,86.05,-0.0003485130111524626,85.58428571428571,85.50396825396825,4.762298982631027,0.6550473739618701,-0.4396621543445667,0.08031746031745968,Trending,80
2025-06-17,86.29,0.0027890761185358492,85.62809523809523,85.5036507936508,4.792996881553507,1.0776619421342337,-0.023172285946004845,0.12444444444442126,Trending,80
2025-06-18,86.49,0.002317765673890193,85.66904761904762,85.51126984126984,4.751025666223672,1.0043209155669697,0.5580746424834304,0.15777777777778113,Trending,80
2025-06-19,86.49,0.0,85.70904761904761,85.52603174603173,4.7532421104392855,0.9807355516637362,1.086956521739113,0.18301587301587574,Trending,80
2025-06-20,86.58,0.0010405827263266776,85.73809523809523,85.53888888888889,4.609340587422304,0.709549842968471,0.9443861490031402,0.19920634920633518,Trending,80
2025-06-23,86.73,0.0017325017325018344,85.81238095238095,85.55507936507937,3.005744807861346,1.8316308559351846,1.1900595029751715,0.25730158730158337,Stable,40
2025-06-24,85.92,-0.0093393289519198,85.84809523809524,85.55714285714286,4.641156125968525,0.8805917576611533,0.15153281268212027,0.2909523809523762,Trending,80
2025-06-25,86.04,0.0013966480446927498,85.88333333333333,85.56555555555556,4.637482045547481,0.8675263774912123,0.6198105484738647,0.3177777777777635,Trending,80
2025-06-26,85.66,-0.0044165504416551205,85.89619047619047,85.56920634920634,4.921074770631723,0.3161962759105297,0.26922626711927133,0.3269841269841294,Trending,80
2025-06-27,85.45,-0.0024515526500116236,85.89428571428572,85.56904761904761,4.986395543571346,-0.04678909814012089,-0.01170138076291849,0.325238095238106,Volatile Breakout,160
2025-06-30,85.74,0.0033937975424223055,85.90571428571428,85.5725396825397,5.124817705182847,0.280701754385948,0.25724976613656914,0.3331746031745837,Trending,80
2025-07-01,85.58,-0.001866106834616188,85.91761904761904,85.5747619047619,5.118599160529806,0.29298019453884994,0.1638576779026124,0.34285714285714164,Volatile Breakout,160
2025-07-02,85.7,0.0014021967749475728,85.92285714285715,85.5820634920635,5.032053039588744,0.1285196868793026,0.5396527451900557,0.34079365079365687,Trending,80
2025-07-03,85.3,-0.004667444574095736,85.89666666666666,85.57333333333334,5.164843957403973,-0.6406523005241693,-0.6406523005241693,0.3233333333333235,Volatile Breakout,160
2025-07-04,85.3,0.0,85.87285714285714,85.5584126984127,5.164785476407514,-0.5827505827505797,-1.0899814471242997,0.3144444444444474,Volatile Breakout,160
2025-07-07,85.86,0.006565064478311955,85.88238095238096,85.54603174603176,5.650786867753234,0.2334812047630308,-0.9002770083102463,0.3363492063491975,Trending,80
2025-07-08,85.75,-0.0012811553692056998,85.88761904761905,85.53111111111112,5.6705965235940985,0.12844465203176725,-1.0843234513784772,0.35650793650793844,Trending,80
2025-07-09,85.69,-0.0006997084548104882,85.89333333333333,85.5252380952381,5.668429824557506,0.14023606404114375,-0.42993260515920007,0.36809523809523625,Trending,80
2025-07-10,85.65,-0.0004667989263623662,85.9,85.51936507936509,5.664977809396843,0.1637235411062976,-0.4301325273192158,0.3806349206349182,Trending,80
2025-07-11,85.8,0.0017513134851137035,85.91190476190475,85.52,5.693312789745281,0.29222676797193703,0.046641791044765846,0.39190476190475465,Trending,80
2025-07-14,85.99,0.002214452214452267,85.90761904761905,85.52507936507936,5.314716144700506,-0.10455390334572767,0.3735263219329932,0.3825396825396865,Trending,80
2025-07-15,85.82,-0.001976974066752013,85.89666666666666,85.53222222222222,5.356230660112616,-0.2672864613596837,0.5271172543047875,0.36444444444444457,Trending,80
2025-07-16,85.96,0.0016313213703098572,85.88095238095238,85.54063492063493,5.291571851548231,-0.38243133619192404,0.6203909633617943,0.3403174603174506,Trending,80
2025-07-17,86.08,0.0013959981386693077,85.86142857142856,85.55492063492063,5.246252061858321,-0.47404324199329384,1.0565860530640903,0.30650793650792707,Trending,80
2025-07-18,86.1,0.00023234200743482702,85.84285714285714,85.56936507936508,5.2481025426649195,-0.45091918140826026,1.0682004930156141,0.273492063492057,Trending,80
2025-07-21,86.3,0.0023228803716608404,85.8295238095238,85.58333333333333,5.3050916695954164,-0.32340032340032465,1.0302036993678154,0.24619047619047763,Trending,80
2025-07-22,86.37,0.0008111239860950636,85.81238095238095,85.60031746031746,5.273426818947169,-0.41508128675198375,1.2543962485345839,0.21206349206349273,Trending,80
2025-07-23,86.41,0.00046312376982737824,85.83571428571429,85.61587301587302,4.092143848278498,0.5702979515828543,1.1471380077256121,0.21984126984126817,Trending,80
2025-07-24,86.39,-0.00023145469274388208,85.85238095238095,85.63761904761905,4.074693211427948,0.40678754067875467,1.611385556339684,0.21476190476190027,Trending,80
2025-07-25,86.48,0.0010417872438939213,85.89142857142858,85.6568253968254,3.719290825907672,0.9572729395283863,1.4190219303389373,0.2346031746031798,Trending,80
2025-07-28,86.67,0.002197039777983356,85.9495238095238,85.69142857142857,3.608290041910501,1.4277355178466955,2.5801870043792308,0.2580952380952226,Trending,80
2025-07-29,86.83,0.0018460828429676113,86.00142857142858,85.72714285714287,3.499697759461493,1.271285281082335,2.6602033577677986,0.27428571428571047,Trending,80
2025-07-30,87.44,0.007025221697569917,86.08999999999999,85.77380952380952,4.024909646092269,2.1734050011684936,3.4792899408284006,0.3161904761904708,Volatile Breakout,160
2025-07-31,87.6,0.0018298261665141702,86.18047619047618,85.82666666666667,4.032644984462985,2.2170361726954413,3.9515841936632157,0.3538095238095167,Volatile Breakout,160
2025-08-01,87.54,-0.000684931506849229,86.28714285714285,85.87571428571428,3.5255754350973874,2.6260257913247376,3.6589698046181285,0.4114285714285728,Volatile Breakout,160
2025-08-04,87.63,0.0010281014393418442,86.39809523809524,85.92031746031746,3.4979879198577946,2.731535756154746,3.3128979014383386,0.4777777777777743,Volatile Breakout,160
2025-08-05,87.8,0.001939974894442642,86.49047619047619,85.95412698412699,2.9411741732330285,2.259492196599111,2.4862845803665268,0.5363492063492004,Trending,80
2025-08-06,87.71,-0.0010250569476082383,86.5838095238095,85.99111111111111,2.9166568230463,2.2857142857142687,2.7289763410634826,0.5926984126983967,Trending,80
2025-08-07,87.71,0.0,86.67999999999999,86.02809523809523,2.8726497405976503,2.3573345781304766,2.7289763410634826,0.6519047619047598,Trending,80
2025-08-08,87.67,-0.00045604834112411563,86.77619047619048,86.06492063492063,2.8719077382339577,2.358435493286626,2.7182190978324527,0.7112698412698535,Trending,80
2025-08-11,87.63,-0.0004562564161059157,86.86333333333333,86.10206349206348,2.9115480633588082,2.1328671328671334,2.7435807245866917,0.7612698412698506,Trending,80
2025-08-12,87.71,0.000912929362090642,86.9452380952381,86.1368253968254,2.8782611222107923,2.000232585184314,2.560804490177726,0.8084126984126954,Trending,80
2025-08-13,87.48,-0.002622277961463748,87.02428571428571,86.16841269841271,2.968085966340543,1.9342810533675259,2.3277576324716387,0.8558730158730015,Trending,80
2025-08-14,87.56,0.0009144947416552807,87.10047619047619,86.20317460317459,2.9566339758628915,1.8613308515588844,2.5653039709499836,0.8973015873015981,Trending,80
2025-08-15,87.56,0.0,87.17095238095239,86.23380952380953,2.9654847972549647,1.719330855018586,2.253882984935185,0.9371428571428595,Trending,80
2025-08-18,87.3,-0.0029693924166286356,87.22809523809524,86.26,3.239342504605082,1.3937282229965264,1.9264448336252071,0.9680952380952306,Trending,80
2025-08-19,87.02,-0.0032073310423825774,87.26238095238095,86.27666666666666,3.4420516020945784,0.8342989571263004,1.2213562870768913,0.9857142857142946,Trending,80
2025-08-20,87.02,0.0,87.29333333333332,86.30603174603176,3.441252075465759,0.7525761259696617,2.172126335564162,0.9873015873015589,Trending,80
2025-08-21,87.31,0.0033325672259252315,87.33619047619047,86.34,3.5923971299330386,1.041546117347525,2.512621815193139,0.9961904761904634,Trending,80
2025-08-22,87.53,0.002519757187034788,87.39047619047618,86.37539682539682,3.6481903451149087,1.3195971755990188,2.614302461899176,1.0150793650793588,Trending,80
2025-08-25,87.55,0.00022849308808403634,87.44142857142857,86.40968253968254,3.647417001720114,1.2372802960221918,2.529570207284215,1.0317460317460387,Trending,80
2025-08-26,87.68,0.0014848657909767304,87.4895238095238,86.44444444444444,3.6160458078589968,1.165339794623299,2.561703123172321,1.04507936507936,Trending,80
2025-08-27,87.74,0.0006843065693429295,87.53285714285714,86.47999999999999,3.586024543003864,1.048024876194864,2.6198830409356555,1.0528571428571496,Trending,80
2025-08-28,87.63,-0.0012537041258262605,87.54190476190476,86.51650793650794,2.732925759298422,0.21729185727354938,2.695417789757415,1.0253968253968253,Trending,80
2025-08-29,88.18,0.006276389364373136,87.56952380952382,86.55761904761906,3.431397702927004,0.6621004566210287,3.0260544456128136,1.0119047619047592,Trending,80
2025-09-01,88.18,0.0,87.6,86.59460317460317,3.4143715356538538,0.7310943568654249,2.714036109493323,1.0053968253968293,Trending,80
2025-09-02,88.15,-0.00034021320027222135,87.62476190476191,86.63190476190476,3.4129882504670714,0.5934040853589062,2.7389277389277433,0.9928571428571473,Trending,80
2025-09-03,88.06,-0.0010209869540556138,87.63714285714285,86.66999999999999,3.3859888043232957,0.2961275626423676,2.801774457156214,0.9671428571428606,Trending,80
2025-09-04,88.17,0.001249148307971737,87.65904761904763,86.71015873015872,3.378780975207945,0.524455592292794,2.9542269967304913,0.9488888888889022,Trending,80
2025-09-05,88.25,0.0009073380968582789,87.68476190476191,86.75269841269841,3.384892747115381,0.6156652605176172,3.1319387635853735,0.9320634920635058,Trending,80
2025-09-08,88.25,0.0,87.71238095238095,86.79619047619047,3.3758262201308704,0.661571803353489,3.2043035902233674,0.9161904761904793,Trending,80
2025-09-09,88.12,-0.0014730878186968166,87.7357142857143,86.83698412698412,3.4231872164123924,0.5591692342804988,3.004091174751622,0.8987301587301744,Trending,80
2025-09-10,88.09,-0.0003404448479346067,87.75380952380954,86.86888888888889,3.42095782896041,0.4332459240679709,2.3350371747211884,0.8849206349206469,Trending,80
2025-09-11,88.44,0.003973209217845275,87.7995238095238,86.9068253968254,3.495533558487445,1.0973936899862702,2.777454968041826,0.8926984126984081,Trending,80
2025-09-12,88.28,-0.0018091361374943382,87.83380952380953,86.93841269841269,3.583246486297561,0.8222932846048359,2.306176845520902,0.8953968253968441,Trending,80
2025-09-15,88.22,-0.0006796556411418075,87.86523809523808,86.96587301587302,3.600320270454492,0.7537688442210921,2.0002312406058653,0.8993650793650687,Trending,80
2025-09-16,88.05,-0.001927000680117863,87.90095238095239,86.99063492063493,3.4954392161785766,0.8591065292096189,1.8036767256330188,0.910317460317458,Trending,80
2025-09-17,87.77,-0.0031800113571833766,87.93666666666667,87.00952380952381,3.491888162753179,0.8618708342909676,1.3744513744513798,0.9271428571428544,Trending,80
2025-09-18,88.17,0.004557365842543071,87.99142857142857,87.03238095238095,3.770089102668761,1.3215352792461665,1.6603251470079572,0.9590476190476238,Trending,80
2025-09-19,88.06,-0.001247589883180189,88.02714285714286,87.06634920634922,3.689087705969838,0.8590081319436393,2.4906890130353743,0.9607936507936472,Trending,80
2025-09-22,88.29,0.0026118555530321164,88.06333333333335,87.1020634920635,3.695856047122381,0.868273734719538,2.6150627615062705,0.9612698412698535,Trending,80
2025-09-23,88.76,0.005323366179635247,88.12095238095237,87.15126984126984,4.0664074225718485,1.3820673900628355,3.6189586738267776,0.9696825396825375,Trending,80
2025-09-24,88.73,-0.00033799008562418464,88.17095238095239,87.20333333333333,4.068672513783562,1.197536496350371,3.838502047981285,0.9676190476190527,Trending,80
2025-09-25,88.7,-0.0003381043615462431,88.21666666666667,87.25031746031745,4.0804562073301405,1.0941417825393263,3.4522976440401365,0.9663492063492214,Trending,80
2025-09-26,88.65,-0.0005636978579480756,88.26523809523809,87.29904761904761,4.049516863969473,1.1639849366655408,3.5872867492404925,0.9661904761904765,Trending,80
2025-09-29,88.76,0.0012408347433727762,88.29285714285713,87.34761904761905,3.490032996706205,0.6577455205261984,3.5705950991832047,0.9452380952380821,Trending,80
2025-09-30,88.78,0.0002253267237493084,88.32142857142857,87.40285714285713,3.4883467487438735,0.6804264005443317,4.079718640093799,0.9185714285714397,Trending,80
2025-10-01,88.69,-0.0010137418337463622,88.34714285714286,87.45666666666668,3.5122572107312586,0.6125921724333461,3.9742086752637684,0.8904761904761784,Trending,80
2025-10-02,88.74,0.000563761416168651,88.37952380952382,87.50238095238095,3.480301228172442,0.7722007722007707,3.3542976939203273,0.8771428571428714,Trending,80
2025-10-03,88.78,0.0004507550146495287,88.40857142857142,87.55047619047618,3.465809778789828,0.6918452988544876,3.533527696793004,0.8580952380952453,Trending,80
2025-10-06,88.79,0.00011263798152749693,88.4342857142857,87.59968253968253,3.460076626888562,0.61189801699717,3.617691679309143,0.8346031746031741,Trending,80
2025-10-07,88.72,-0.0007883770694898651,88.45666666666666,87.64841269841268,3.479207431141985,0.5325779036827072,3.584354932866307,0.8082539682539789,Trending,80
2025-10-08,88.77,0.0005635707844904303,88.48761904761905,87.69555555555557,3.4228047763978657,0.7376305038583553,3.4615384615384492,0.7920634920634768,Trending,80
2025-10-09,88.84,0.0007885546919004227,88.52333333333334,87.74079365079365,3.4163542662294932,0.8514019752525748,3.314338876613565,0.7825396825396922,Trending,80
2025-10-10,88.72,-0.0013507429085998224,88.53666666666668,87.78682539682539,3.2073216363979538,0.3165988240615203,3.37916569564205,0.7498412698412835,Trending,80
2025-10-13,88.72,0.0,88.55761904761906,87.83063492063492,3.128156922518347,0.49841413683733293,3.2107957189390524,0.7269841269841351,Trending,80
2025-10-14,88.76,0.00045085662759247747,88.58333333333334,87.8731746031746,3.110807717936685,0.612106098390397,3.1133828996282586,0.7101587301587386,Trending,80
2025-10-15,87.98,-0.008787742226228024,88.58,87.90301587301586,4.377526232120131,-0.07950028392957886,2.18350754936123,0.6769841269841379,Trending,80
2025-10-16,87.81,-0.0019322573312116065,88.58190476190477,87.92698412698414,4.284906800360064,0.04557365842543515,1.7497103128621072,0.6549206349206287,Trending,80
2025-10-17,87.99,0.0020498804236419588,88.57333333333334,87.95269841269842,4.031264547473339,-0.20415107179313496,1.8756512678013149,0.6206349206349131,Trending,80
2025-10-20,87.92,-0.0007955449482894839,88.56666666666666,87.97666666666666,4.017988292039822,-0.15898251192368873,1.7474829302164263,0.5900000000000034,Trending,80
2025-10-21,87.97,0.0005686988171065277,88.55142857142857,88.00174603174604,3.9067831214792563,-0.36244195265602297,1.8289153837249605,0.5496825396825358,Trending,80
2025-10-22,87.92,-0.0005683755825849346,88.51142857142857,88.02460317460317,3.357434633714107,-0.9463722397476393,1.6651248843663202,0.4868253968253953,Trending,80
2025-10-23,87.85,-0.0007961783439491832,88.4695238095238,88.04333333333332,3.3592502636879393,-0.9917727938690502,1.36148609668858,0.42619047619048445,Trending,80
2025-10-24,87.83,-0.00022766078542968415,88.42809523809524,88.05920634920635,3.360024266684271,-0.980834272829767,1.1516756881262191,0.3688888888888897,Trending,80
2025-10-27,88.24,0.004668108846635599,88.40857142857143,88.07190476190478,3.800926807679947,-0.46249294980260647,0.9149130832570851,0.3366666666666589,Trending,80
2025-10-28,88.21,-0.00033998186763373184,88.38238095238096,88.08158730158729,3.7637453967912253,-0.6196484903109645,0.6963470319634624,0.3007936507936648,Trending,80
2025-10-29,88.2,-0.00011336583153831459,88.3547619047619,88.09206349206349,3.7596919175904477,-0.6533002928587495,0.7539410555174708,0.26269841269841265,Trending,80
2025-10-30,88.64,0.0049886621315191615,88.35238095238095,88.10809523809523,4.1705318301032035,-0.056376141616865105,1.152573319639405,0.24428571428572354,Trending,80
2025-10-31,88.75,0.001240974729241895,88.35285714285715,88.12317460317459,4.1891049979111274,0.011268875366243769,1.0820045558086688,0.2296825396825568,Trending,80
2025-11-03,88.78,0.00033802816901418176,88.35285714285715,88.14015873015875,4.187787927759266,0.0,1.2199293125071398,0.21269841269840128,Trending,80
2025-11-04,88.67,-0.001239017796801023,88.34714285714287,88.15539682539683,4.209461885425511,-0.1351503547696864,1.0945160186979885,0.19174603174603533,Trending,80
2025-11-05,88.66,-0.0001127777151235243,88.34428571428572,88.17111111111112,4.201251263139175,-0.06762849413887162,1.129234629861986,0.17317460317460132,Trending,80
2025-11-06,88.65,-0.00011279043537093525,88.33857142857144,88.18730158730159,4.195763361956049,-0.13518080432577406,1.1639849366655408,0.1512698412698512,Trending,80
2025-11-07,88.68,0.00033840947546526223,88.33095238095238,88.20269841269842,4.1871668531579616,-0.18009905447996521,1.1059172272261053,0.12825396825395785,Trending,80
2025-11-10,88.7,0.00022552999548941521,88.33,88.22206349206348,4.162542032102552,-0.02254283137961277,1.394604481024242,0.10793650793651466,Trending,80
2025-11-11,88.7,0.0,88.32904761904763,88.24015873015873,4.162542032102552,-0.02254283137961277,1.3019643672909975,0.08888888888890278,Trending,80
2025-11-12,88.58,-0.0013528748590755368,88.32047619047619,88.2563492063492,4.184357652886092,-0.20279405137449968,1.1649154865235323,0.06412698412698603,Trending,80
2025-11-13,88.66,0.0009031384059607905,88.35285714285713,88.2779365079365,2.7469671293169817,0.7729029324846426,1.557846506300109,0.07492063492063039,Trending,80
2025-11-14,88.74,0.0009023234829685922,88.39714285714285,88.3052380952381,2.6204607868499648,1.0591048855483454,1.9765571133072868,0.09190476190475749,Trending,80
2025-11-17,88.58,-0.0018030200585981149,88.42523809523809,88.33,2.6732719351021563,0.6705307421297935,1.792691335325225,0.0952380952380878,Trending,80
2025-11-18,88.6,0.00022578460149014212,88.45761904761905,88.35047619047619,2.64282758356579,0.7734303912647844,1.477493986943057,0.1071428571428612,Trending,80
2025-11-19,88.58,-0.00022573363431144244,88.48666666666666,88.36714285714285,2.6495559293371285,0.6934182107536602,1.199588712441435,0.11952380952381247,Trending,80
2025-11-20,88.69,0.0012418153081958927,88.52333333333334,88.38523809523811,2.6463846638725403,0.8757961783439461,1.3021130782409962,0.13809523809523228,Trending,80
2025-11-21,89.54,0.009583944074867512,88.60380952380953,88.4147619047619,4.0939606590909134,1.9237336368810531,2.1213503649635035,0.1890476190476278,Trending,80
2025-11-24,89.23,-0.003462139825776256,88.6704761904762,88.43841269841269,4.352469141880293,1.5939883866560534,1.6981992249829103,0.23206349206350296,Trending,80
2025-11-25,89.16,-0.0007844895214614844,88.71428571428571,88.46269841269842,4.139743896598483,1.042611060743437,1.745977404998289,0.2515873015872927,Trending,80
2025-11-26,89.27,0.0012337371018393828,88.76476190476191,88.47999999999999,4.135533853714247,1.2016778143067786,1.2361079609888748,0.28476190476192187,Trending,80
2025-11-27,89.27,0.0,88.8157142857143,88.4973015873016,4.133351809684733,1.213151927437628,1.2361079609888748,0.31841269841268627,Trending,80
2025-11-28,89.43,0.0017923154475187886,88.85333333333332,88.51761904761904,3.841558254049679,0.8912454873646336,1.4520703346568409,0.33571428571428896,Trending,80
2025-12-01,89.59,0.0017891088001789068,88.89333333333333,88.54190476190476,3.860865278128366,0.9464788732394425,1.737451737451745,0.35142857142857054,Trending,80
2025-12-02,89.92,0.0036834468132604936,88.94761904761906,88.56968253968255,4.019159897022803,1.2840729894120217,1.9848020868776128,0.3779365079365107,Trending,80
2025-12-03,90.15,0.0025578291814947196,89.01809523809523,88.59984126984126,4.0141823953092866,1.6691101838276712,2.1529745042492943,0.4182539682539641,Trending,80
2025-12-04,89.97,-0.00199667221297839,89.08047619047619,88.62714285714286,4.119331486397445,1.4775547033611502,1.949008498583571,0.45333333333333314,Trending,80
2025-12-05,89.97,0.0,89.14333333333333,88.65650793650795,4.1167053231727495,1.4890016920473759,2.0994098955969154,0.48682539682538106,Trending,80
2025-12-08,90.12,0.0016672224074691933,89.21190476190475,88.68873015873017,4.127425164647387,1.6238159675236785,2.304461346350317,0.5231746031745814,Trending,80
2025-12-09,89.9,-0.0024411895250776583,89.26904761904763,88.71190476190475,4.272617142721094,1.3528748590755368,1.6508367254636003,0.5571428571428783,Trending,80
2025-12-10,89.98,0.0008898776418242438,89.33,88.7388888888889,4.266845158497699,1.4430665163472467,1.925690983235162,0.591111111111104,Trending,80
2025-12-11,90.35,0.004112024894420863,89.41428571428571,88.7726984126984,4.356838340910369,1.9981937231880798,2.4144184992065165,0.6415873015873075,Trending,80
2025-12-12,90.41,0.0006640841173215506,89.49761904761905,88.81015873015873,4.357922618779383,1.9738326189939093,2.6802952867688745,0.6874603174603209,Trending,80
2025-12-15,90.7,0.003207609777679421,89.59095238095239,88.85666666666667,4.428358496470495,2.208699571782735,3.3382704796627527,0.7342857142857184,Trending,80
2025-12-16,91.03,0.00363836824696806,89.70761904761905,88.90206349206349,4.388476996809181,2.765861368254696,3.2437336962685803,0.8055555555555571,Trending,80
2025-12-17,90.4,-0.006920795342194808,89.79333333333332,88.93920634920634,5.227691367869335,2.031602708803626,2.6572791278673735,0.8541269841269781,Trending,80
2025-12-18,90.25,-0.0016592920353982743,89.87285714285714,88.97031746031745,5.291968677820272,1.8853014224429865,2.21995696001811,0.9025396825396967,Trending,80
2025-12-19,89.54,-0.007867036011080297,89.91333333333334,88.98269841269843,6.096357933903587,0.9583944074867512,0.8787742226228135,0.9306349206349154,Trending,80
2025-12-22,89.64,0.0011168192986374947,89.91809523809523,88.99714285714285,5.128701999478002,0.11168192986374947,1.0255832300236634,0.9209523809523859,Stable,40
2025-12-23,89.67,0.00033467202141901353,89.93904761904761,89.01253968253968,4.966416328931544,0.4931076992042982,1.0935738444193932,0.9265079365079316,Trending,80
2025-12-24,89.81,0.0015612802498048417,89.97,89.0309523809524,4.9719841377336085,0.7290264692687343,1.308516638465873,0.9390476190475994,Trending,80
2025-12-25,89.81,0.0,89.99571428571429,89.04761904761905,4.962733346548597,0.6049064635375911,1.1829652996845352,0.9480952380952345,Trending,80
2025-12-26,89.78,-0.0003340385257766254,90.02000000000001,89.06349206349208,4.966556417038908,0.5713005488966028,1.1263798152737037,0.9565079365079328,Trending,80
2025-12-29,89.97,0.0021162842503898993,90.04571428571428,89.08380952380952,4.9802681613307636,0.6038242200603783,1.4432292253918177,0.961904761904762,Stable,40
2025-12-30,89.78,-0.0021118150494608967,90.0547619047619,89.10031746031747,5.0156603199985375,0.21207724076348633,1.1719630380887969,0.9544444444444338,Stable,40
2025-12-31,89.84,0.0006683002895968571,90.05095238095238,89.11714285714285,4.850702216806653,-0.0889679715302516,1.1939626041901352,0.9338095238095292,Stable,40
2026-01-01,89.84,0.0,90.03619047619047,89.13380952380953,4.758282946859261,-0.3438713255685011,1.1825656042347088,0.9023809523809376,Stable,40
2026-01-02,90.19,0.003895814781834206,90.04666666666667,89.15714285714287,4.907151381419938,0.24452595309547576,1.6568981064021715,0.8895238095237943,Stable,40
2026-01-05,90.28,0.0009978933362901898,90.06142857142856,89.18111111111111,4.916221667192737,0.3445592975436229,1.7010251210994864,0.8803174603174568,Stable,40
2026-01-06,90.18,-0.0011076650420912548,90.06428571428572,89.20238095238095,4.903584508307472,0.06657789613848664,1.5083295812696962,0.8619047619047677,Stable,40
2026-01-07,89.9,-0.003104901308494168,90.06428571428572,89.22111111111111,4.950996593993814,0.0,1.3300270513976642,0.843174603174603,Stable,40
2026-01-08,90.02,0.0013348164627362546,90.06619047619049,89.24174603174603,4.963404113928762,0.04445432318291864,1.4652840396753852,0.8244444444444525,Trending,80
2026-01-09,90.16,0.0015552099533437946,90.05714285714286,89.26396825396826,4.7735783450169755,-0.21029330381847622,1.577287066246047,0.7931746031746059,Trending,80
2026-01-12,90.12,-0.00044365572315874235,90.04333333333334,89.29793650793651,4.766775042037348,-0.3207609777679421,2.4323709934075843,0.7453968253968242,Trending,80
2026-01-13,90.19,0.0007767421216156034,90.01904761904763,89.33571428571427,4.623337681240742,-0.5622932745314224,2.7103974490376936,0.6833333333333513,Trending,80
2026-01-14,90.24,0.0005543851868277105,89.98142857142857,89.37142857142857,4.414006505701109,-0.8678457651323801,2.5571087623593503,0.6099999999999994,Trending,80
2026-01-15,90.26,0.00022163120567397776,89.97476190476192,89.40857142857142,3.7267615521314448,-0.15486725663717005,2.6615104640582476,0.5661904761904992,Trending,80
2026-01-16,90.87,0.006758253933082159,90.00428571428571,89.45460317460316,4.3614906833240665,0.6869806094182973,3.2965783789928427,0.54968253968255,Trending,80
2026-01-19,90.87,0.0,90.06761904761905,89.50142857142858,3.1936697022153147,1.4853696671878414,3.3553230209281137,0.5661904761904708,Trending,80
2026-01-20,91.01,0.0015406624848683936,90.13285714285715,89.5515873015873,3.2039265408491375,1.5283355644801544,3.5970404097894315,0.5812698412698438,Trending,80
2026-01-21,91.68,0.007361828370508805,90.22857142857143,89.61269841269842,3.937078258177367,2.24155235864838,4.383468063304119,0.6158730158730066,Trending,80
2026-01-22,91.62,-0.0006544502617801262,90.31476190476191,89.6663492063492,3.9760934666803047,2.0153657721857288,3.8304623753399936,0.648412698412713,Trending,80
2026-01-23,91.95,0.003601833660772824,90.41666666666667,89.72571428571429,4.062089425360347,2.382808150540039,4.239882099535208,0.6909523809523819,Trending,80
2026-01-26,91.95,0.0,90.52,89.78523809523809,4.048596454302279,2.417019380708396,4.251700680272119,0.7347619047619105,Trending,80
2026-01-27,91.72,-0.00250135943447527,90.60333333333334,89.83412698412698,4.220778691059627,1.9450928087140218,3.4747292418772613,0.7692063492063568,Trending,80
2026-01-28,91.78,0.0006541648495421715,90.69857142857143,89.88222222222223,4.0766423132288745,2.2276676319893163,3.4140845070422587,0.8163492063492015,Trending,80
2026-01-29,91.95,0.001852255393332003,90.79904761904761,89.93253968253968,4.08319659565186,2.348619768477289,3.570624014417656,0.8665079365079293,Trending,80
2026-01-30,91.98,0.00032626427406201586,90.90095238095239,89.98507936507936,4.073582005831565,2.3820124666072973,3.7329423705875664,0.9158730158730322,Trending,80
2026-02-02,91.51,-0.005109806479669521,90.96380952380953,90.03031746031746,4.476328070268638,1.4635768932254267,3.2145274080757957,0.9334920634920678,Trending,80
2026-02-03,90.3,-0.013222598623101378,90.9647619047619,90.05650793650794,6.5743457605070805,0.022153300841831758,1.8612521150592087,0.908253968253959,Trending,80
2026-02-04,90.36,0.0006644518272425071,90.97333333333333,90.0831746031746,6.564742635109898,0.19960079840317668,1.8944519621109546,0.8901587301587313,Trending,80
2026-02-05,90.33,-0.00033200531208499307,90.99380952380952,90.10904761904762,6.463500973381772,0.4783092324805338,1.837655016910933,0.884761904761902,Trending,80
2026-02-06,90.65,0.0035425661463523994,91.02380952380952,90.14000000000001,6.5554201975073445,0.6998444790046854,2.19842164599775,0.8838095238095036,Trending,80
2026-02-09,90.77,0.0013237727523440768,91.05285714285715,90.17476190476191,6.550504221897192,0.6765749778172125,2.472341386317445,0.8780952380952414,Trending,80
2026-02-10,90.57,-0.002203371157871614,91.07428571428571,90.20507936507937,6.604805491850699,0.49933422103860536,2.1542973155876277,0.8692063492063369,Trending,80
2026-02-11,90.69,0.0013249420337859696,91.09809523809524,90.23603174603174,6.613086221506816,0.5543851868277994,2.1974306964164914,0.8620634920634984,Trending,80
2026-02-12,90.63,-0.0006615944426067166,91.11666666666667,90.26857142857143,6.619946114232364,0.43218085106382365,2.314292165274323,0.8480952380952402,Trending,80
2026-02-13,90.64,0.00011033873993171461,91.13476190476192,90.30095238095238,6.620041547835095,0.4210059827165935,2.3024830699774235,0.8338095238095349,Trending,80
2026-02-16,90.64,0.0,91.12380952380951,90.3336507936508,6.176640194138958,-0.2531088367998313,2.3255813953488413,0.7901587301587085,Trending,80
2026-02-17,90.63,-0.00011032656663734208,91.11238095238096,90.36444444444444,6.1765031375512685,-0.2641135688346119,2.1873942947344682,0.7479365079365152,Trending,80
2026-02-18,90.7,0.0007723711795211141,91.09761904761905,90.38285714285715,6.156196705354014,-0.34062190968026096,1.2955103864194628,0.7147619047619003,Trending,80
2026-02-19,90.68,-0.00022050716648291946,91.05000000000001,90.40587301587303,5.516745930330856,-1.0907504363001697,1.6250140087414655,0.6441269841269843,Trending,80
2026-02-20,90.98,0.0033083370092632514,91.0195238095238,90.4347619047619,5.672830311496824,-0.698537437240776,2.0412741139524515,0.5847619047619048,Trending,80
2026-02-23,90.88,-0.0010991426687184669,90.96857142857142,90.46031746031746,5.493439658429235,-1.1636759108211048,1.8035174190657477,0.5082539682539675,Trending,80
2026-02-24,90.95,0.0007702464788732488,90.92095238095239,90.48698412698411,5.509638628806349,-1.087547580206638,1.8819312198947058,0.4339682539682741,Trending,80
2026-02-25,90.95,0.0,90.88428571428572,90.51111111111112,5.463947908475294,-0.8395115569123424,1.6996533601699504,0.37317460317460416,Trending,80
2026-02-26,90.92,-0.00032985156679499195,90.84333333333333,90.53222222222222,5.450741674420118,-0.9370233166267172,1.4845406853443377,0.3111111111111171,Trending,80
2026-02-27,91.03,0.0012098548174219736,90.7995238095238,90.54984126984128,5.421126353661938,-1.000543773790108,1.2344306049822062,0.2496825396825244,Trending,80
2026-03-02,91.47,0.004833571350104426,90.7752380952381,90.57079365079365,5.721408206868599,-0.5544683626875435,1.4642262895174563,0.20444444444444798,Trending,80
2026-03-03,91.47,0.0,90.77333333333334,90.59460317460318,5.442504402899946,-0.04371106982844486,1.6672224074691488,0.1787301587301613,Trending,80
2026-03-04,92.08,0.00666885317590471,90.85809523809523,90.62809523809523,3.3010852711237817,1.9712070874861487,2.3452261865066104,0.23000000000000398,Trending,80
2026-03-05,91.58,-0.0054300608166811815,90.91619047619048,90.65126984126984,3.9705511235925264,1.3501549358122977,1.6200621393697157,0.26492063492064233,Trending,80
2026-03-06,91.73,0.0016379122079057673,90.98285714285714,90.68031746031747,3.968315130515337,1.5498726890291303,2.0355951056729715,0.302539682539674,Trending,80
2026-03-09,92.31,0.006322904175297017,91.06190476190476,90.71730158730158,4.31761918639437,1.8312189740761209,2.5894643254056326,0.34460317460317924,Trending,80
2026-03-10,91.85,-0.004983208753114643,91.11333333333333,90.74111111111112,4.76348921790444,1.1898204252506206,1.6602102933038099,0.3722222222222058,Trending,80
2026-03-11,92.03,0.0019597169297769224,91.18285714285715,90.76682539682538,4.675840207027402,1.6120128077730111,1.79183718615199,0.41603174603176285,Trending,80
2026-03-12,92.18,0.0016299032924047552,91.25380952380952,90.79031746031745,4.681623932961227,1.6429595324732649,1.6317530319735374,0.46349206349206895,Trending,80
2026-03-13,92.47,0.003146018659144989,91.34142857142858,90.81317460317462,4.719501084915667,2.030232814741262,1.581896078215972,0.5282539682539635,Trending,80
2026-03-16,92.42,-0.0005407159078619772,91.42619047619048,90.8452380952381,4.739645978771448,1.9638128861429793,2.2345132743362806,0.5809523809523824,Trending,80
2026-03-17,92.36,-0.000649210127678046,91.50809523809524,90.87873015873015,4.760997104114091,1.8976169461606407,2.3379501385041523,0.6293650793650869,Trending,80
2026-03-18,92.87,0.0055218709398008325,91.6147619047619,90.9315873015873,5.003993027455586,2.471587774467632,3.7190082644628086,0.6831746031746064,Trending,80
2026-03-19,92.62,-0.00269193496285125,91.70619047619047,90.97888888888889,5.179337616580465,2.116868798235938,3.3244087460954974,0.7273015873015822,Trending,80
2026-03-20,93.73,0.01198445260202985,91.85142857142857,91.04333333333334,6.398246291462595,3.3634759594177277,4.527712724434041,0.808095238095234,Trending,80
2026-03-23,93.96,0.002453856822788758,91.99333333333334,91.10920634920635,6.376043347193237,3.2754451527808204,4.620866273243496,0.8841269841269934,Trending,80
2026-03-24,93.86,-0.001064282673478023,92.1352380952381,91.17349206349206,6.37423399916051,3.2790492957746498,4.509520097984621,0.9617460317460313,Trending,80
2026-03-25,93.97,0.0011719582356701785,92.27904761904762,91.24,6.369597381086242,3.3205057724024156,4.6669636890176,1.039047619047622,Trending,80
2026-03-26,93.97,0.0,92.42285714285714,91.30349206349206,6.369597381086242,3.3205057724024156,4.445926419917745,1.1193650793650818,Trending,80
2026-03-27,94.83,0.00915185697563059,92.60904761904762,91.3836507936508,6.843543650310896,4.300483941926969,5.624860770772999,1.225396825396814,Trending,80
2026-03-30,94.41,-0.004428978171464704,92.77000000000001,91.45619047619049,7.196874431832017,3.7130616280347084,5.086821015138021,1.3138095238095246,Trending,80
2026-03-31,93.83,-0.006143417010909813,92.88238095238096,91.51952380952382,7.597185219419515,2.580080900841808,4.441228851291168,1.3628571428571377,Trending,80
2026-04-01,93.21,-0.006607694767132077,92.96523809523809,91.56746031746032,8.061998462355687,1.9022630370613358,3.3484865284399534,1.397777777777776,Stable,40
2026-04-02,93.09,-0.001287415513356871,93.01333333333335,91.6120634920635,7.81317360594635,1.0968722849695967,3.112538768276485,1.4012698412698512,Trending,80
2026-04-03,93.09,0.0,93.0852380952381,91.65825396825396,7.5117784525645686,1.6488316226250355,3.2268795741849488,1.426984126984138,Stable,40
2026-04-06,93.06,-0.00032226877215602023,93.14857142857143,91.7084126984127,7.514579328296117,1.4499073367491455,3.515016685205774,1.4401587301587284,Trending,80
2026-04-07,92.96,-0.0010745755426607717,93.17952380952381,91.75507936507935,7.248917711260708,0.7041490629400737,3.265940902021769,1.424444444444461,Trending,80
2026-04-08,92.25,-0.00763769363166944,93.19857142857143,91.78825396825397,7.546916926198747,0.4354926510615087,2.318101153504881,1.410317460317458,Trending,80
2026-04-09,92.69,0.00476964769647692,93.22999999999999,91.82904761904761,7.69005692791416,0.7171574486580345,2.8517532179316296,1.4009523809523756,Trending,80
2026-04-10,92.72,0.00032365951019519557,93.25571428571429,91.86920634920635,7.675995699713201,0.5858103710132179,2.8051890453486994,1.3865079365079396,Trending,80
2026-04-13,93.39,0.0072260569456428225,93.2995238095238,91.91920634920636,7.990977099259357,0.9949172704661002,3.490691489361719,1.3803174603174426,Trending,80
2026-04-14,93.37,-0.00021415569118743427,93.34476190476191,91.96857142857144,7.986502329350801,1.0279160354901506,3.44560159539109,1.376190476190473,Trending,80
2026-04-15,93.37,0.0,93.39285714285714,92.00825396825398,7.977902402943579,1.093546990038985,2.751183008693747,1.384603174603157,Trending,80
2026-04-16,93.2,-0.0018207132912070323,93.40857142857142,92.04523809523809,7.802564984952411,0.35533541509635835,2.564102564102555,1.3633333333333297,Trending,80
2026-04-17,92.9,-0.0032188841201716833,93.42190476190477,92.0752380952381,7.829097132134058,0.30231051608724524,2.07669486869575,1.346666666666664,Trending,80
2026-04-20,93.13,0.002475780409041839,93.39333333333333,92.09825396825396,6.618135187738041,-0.6401365624666644,1.5815881326352477,1.2950793650793742,Trending,80
2026-04-21,93.5,0.003972941050145007,93.37142857142857,92.12809523809523,6.717876735698626,-0.4895700297999128,2.0519537218947725,1.2433333333333394,Trending,80
2026-04-22,93.79,0.003101604278074932,93.36809523809524,92.15730158730159,6.806724507250403,-0.07457916045172652,2.001087547580216,1.2107936507936472,Trending,80
2026-04-23,94.11,0.0034118775988911665,93.37476190476191,92.1915873015873,6.900014796159086,0.148983718207929,2.3491027732463365,1.1831746031746064,Trending,80
2026-04-24,94.25,0.0014876208691956272,93.38809523809525,92.23174603174604,6.917067152850357,0.2979674364158802,2.7583951155691233,1.156349206349205,Trending,80
